accountNumber,personName,balance,requesterNumber,requestAmount
2110,Marshall Mathers,9700.00,0,0.00
2111,2Pac,1400.70,0,0.00
2112,J Cole,591.84,0,0.00
2113,John Mulaney ,0.00,0,0.00
2114,hr>hýBen Melnick ,0.00,0,0.00
2115,hš;üZeppi Wizorek ,0.00,0,0.00
2116,hâ’“üZeppi Poopie ,0.00,0,0.00
2117,h×†þBenjamin ,0.00,0,0.00
2118,huýHello ,0.00,0,0.00
2119,h´ÐýHello There ,0.00,0,0.00
2120,hRÿ#þAstros ,0.00,0,0.00
2121,hb}ýAstros /0,0.00,0,0.00
2122,ÿÿÿÿPhillies,0.00,0,0.00
2123,Phillies!,0.00,0,0.00
2124,Carson Wentz,0.00,0,0.00
